Run,train_on,test_HH143,test_L96,test_MIX,test_AFLOW
1,MIX,0.646277904510498,0.6000685691833496,0.62798672914505,1.1543599367141724
2,MIX,0.9561617374420166,0.7735981345176697,0.8838970065116882,0.8088980317115784
3,MIX,0.6816796660423279,0.6236088275909424,0.6586933135986328,0.7992340922355652
4,MIX,0.9289525747299194,0.7326558828353882,0.8512517809867859,0.9892257452011108
5,MIX,0.9795495271682739,0.4165542721748352,0.7566972970962524,1.6281800270080566
6,MIX,0.6051856875419617,0.7919971346855164,0.6791319251060486,0.8267530202865601
7,MIX,0.7642629742622375,0.9183064699172974,0.8252385854721069,0.8002563714981079
8,MIX,0.6123707294464111,0.5604410767555237,0.5918152332305908,0.9008296132087708
9,MIX,0.7626150250434875,0.7740433216094971,0.767138659954071,0.8117512464523315
