Run,train_on,test_HH143,test_L96,test_MIX,test_AFLOW
1,MIX,0.8174237012863159,0.7492282390594482,0.7904296517372131,0.8047329783439636
2,MIX,0.7104420065879822,0.7122988700866699,0.7111769318580627,1.0272753238677979
3,MIX,0.7647219896316528,0.42374590039253235,0.6297522783279419,1.4232747554779053
4,MIX,0.7941029667854309,0.817102313041687,0.8032069206237793,0.811712384223938
5,MIX,0.9053604006767273,0.35718831419944763,0.6883756518363953,2.2059781551361084
6,MIX,0.7229987382888794,0.686457097530365,0.7085342407226562,0.8850052952766418
7,MIX,0.7683237195014954,0.8656158447265625,0.8068351149559021,0.7742840051651001
8,MIX,0.5917779207229614,0.3502354323863983,0.4961674213409424,1.2624939680099487
9,MIX,0.7945244908332825,0.7429258227348328,0.7741000056266785,0.8579189777374268
