Run,train_on,test_HH143,test_L96,test_MIX,test_AFLOW
1,MIX,0.8121551275253296,0.4091127812862396,0.6526174545288086,0.5405110716819763
2,MIX,1.0042433738708496,0.33066272735595703,0.7376177310943604,0.7841398119926453
3,MIX,0.5572616457939148,0.293048620223999,0.45267727971076965,0.6074461936950684
4,MIX,0.8765310049057007,0.5336629748344421,0.7408123016357422,0.533626914024353
5,MIX,0.5976226925849915,0.30039840936660767,0.47997137904167175,0.6351725459098816
6,MIX,0.5431193113327026,0.5061354041099548,0.528479814529419,0.7826688289642334
7,MIX,0.9868094325065613,0.3722269535064697,0.7435372471809387,0.6209741830825806
8,MIX,0.24327300488948822,0.2491339147090912,0.24559295177459717,0.7353524565696716
9,MIX,1.0529929399490356,0.32030314207077026,0.7629699110984802,0.5603851675987244
