Run,train_on,test_HH143,test_L96,test_MIX,test_AFLOW
1,AFLOW,1.0150601863861084,0.42064422369003296,0.77977055311203,0.4461933374404907
2,AFLOW,1.4044045209884644,0.4047184884548187,1.0086954832077026,0.528374195098877
3,AFLOW,1.065693736076355,0.3169959783554077,0.769334077835083,0.5029029250144958
4,AFLOW,1.0084600448608398,0.5734875202178955,0.8362834453582764,0.44039103388786316
5,AFLOW,1.385345697402954,0.6252312660217285,1.0844671726226807,0.5215842127799988
6,AFLOW,1.2272697687149048,0.3742660582065582,0.8896225690841675,0.47706323862075806
7,AFLOW,1.5762137174606323,1.4122108221054077,1.5112957954406738,1.4767324924468994
8,AFLOW,0.6642464399337769,0.3793923854827881,0.5514917373657227,0.5004507899284363
9,AFLOW,1.2668460607528687,0.45580965280532837,0.9458109140396118,0.48981818556785583
