Run,train_on,test_HH143,test_L96,test_MIX,test_AFLOW
1,HH143,0.32146400213241577,0.5003421902656555,0.39226996898651123,0.45923879742622375
2,HH143,0.44596007466316223,0.3887690603733063,0.4233219623565674,0.4408107399940491
3,HH143,0.22198985517024994,0.6921977996826172,0.4081137478351593,0.731563925743103
4,HH143,0.3867048919200897,0.6539861559867859,0.4925037622451782,0.45305320620536804
5,HH143,0.3956477642059326,0.45864832401275635,0.4205854833126068,0.4948600232601166
6,HH143,0.35568767786026,0.5274615287780762,0.4236815273761749,0.5413457155227661
7,HH143,0.4732179343700409,0.5199552178382874,0.4917181432247162,0.42877280712127686
8,HH143,0.3547412157058716,0.5764013528823853,0.44248166680336,0.5485183000564575
9,HH143,0.4149426817893982,0.41636213660240173,0.4155045449733734,0.42491549253463745
