Run,train_on,test_HH143,test_L96,test_MIX,test_AFLOW
1,MIX,0.815981388092041,0.7794108986854553,0.8015055656433105,0.7975826263427734
2,MIX,0.8098510503768921,0.6940461993217468,0.7640116214752197,0.8834508657455444
3,MIX,0.6084085702896118,0.6868122816085815,0.6394433975219727,0.93611741065979
4,MIX,0.7779488563537598,0.7993488907814026,0.7864196300506592,0.9994934797286987
5,MIX,0.8666419386863708,0.39987075328826904,0.6818782687187195,1.4567524194717407
6,MIX,0.6285961866378784,0.6597434878349304,0.6409253478050232,0.8854526877403259
7,MIX,0.978055477142334,0.6295967698097229,0.8401238918304443,0.9291220903396606
8,MIX,0.4582638442516327,0.49108245968818665,0.47125452756881714,2.2364983558654785
9,MIX,0.7612037658691406,0.8038265109062195,0.7780753374099731,0.806891679763794
