Run,train_on,test_HH143,test_L96,test_MIX,test_AFLOW
1,MIX,0.7645824551582336,0.7182617783546448,0.7462472319602966,0.7875809669494629
2,MIX,0.8255088925361633,0.7666014432907104,0.8021913170814514,0.8479890823364258
3,MIX,0.7352268099784851,0.5929826498031616,0.6789217591285706,1.4264386892318726
4,MIX,0.7713179588317871,0.9310968518257141,0.8345637321472168,0.9103220701217651
5,MIX,0.7747945189476013,0.756278932094574,0.7674654126167297,0.830828070640564
6,MIX,0.6679715514183044,0.675986111164093,0.6711440086364746,0.8805404305458069
7,MIX,0.8427844047546387,0.830758810043335,0.8380243182182312,0.8120571970939636
8,MIX,0.49124038219451904,0.2428949475288391,0.39293697476387024,2.0083444118499756
9,MIX,0.7219032049179077,0.7837376594543457,0.7463793754577637,0.8402228355407715
