Run,train_on,test_HH143,test_L96,test_MIX,test_AFLOW
1,HH143,0.3115409016609192,0.5325261950492859,0.3990142345428467,0.5095443725585938
2,HH143,0.4567486345767975,0.5061675906181335,0.4763103425502777,0.4656478762626648
3,HH143,0.254465788602829,0.3702903687953949,0.3003130257129669,0.5548214316368103
4,HH143,0.38270026445388794,0.6810212135314941,0.5007856488227844,0.5011506676673889
5,HH143,0.4064931869506836,0.4519512355327606,0.42448699474334717,0.5881731510162354
6,HH143,0.4187513589859009,0.42491135001182556,0.42118966579437256,0.4092833697795868
7,HH143,0.47635790705680847,0.5254438519477844,0.49578773975372314,0.4245319664478302
8,HH143,0.28781819343566895,0.6777729392051697,0.4421752691268921,0.587192952632904
9,HH143,0.35101261734962463,0.4430525004863739,0.3874450922012329,0.43367573618888855
