Run,train_on,test_HH143,test_L96,test_MIX,test_AFLOW
1,L96,0.8889204859733582,0.7701923847198486,0.8419240117073059,0.8918755650520325
2,L96,2.6446590423583984,0.3178563714027405,1.7236329317092896,3.3014492988586426
3,L96,0.8176436424255371,0.669672429561615,0.7590717673301697,1.830198049545288
4,L96,0.9726165533065796,0.9094013571739197,0.9475939273834229,0.9515454173088074
5,L96,2.1760129928588867,0.20319008827209473,1.395103931427002,4.746693134307861
6,L96,0.9315189719200134,0.5794408917427063,0.7921546101570129,2.569720983505249
7,L96,1.9971349239349365,0.5932955145835876,1.4414485692977905,1.7297801971435547
8,L96,0.9063308835029602,0.2720089852809906,0.6552451252937317,2.5312767028808594
9,L96,5.098251819610596,0.34620094299316406,3.2172317504882812,3.484754800796509
