Run,train_on,test_HH143,test_L96,test_MIX,test_AFLOW
1,HH143,0.4992994964122772,0.6521610617637634,0.5598072409629822,0.7162268161773682
2,HH143,0.8380283713340759,0.927208423614502,0.873328685760498,0.8077942728996277
3,HH143,0.41901570558547974,0.5202946662902832,0.4591052532196045,0.5981391072273254
4,HH143,0.8659279346466064,0.6126561164855957,0.7656745314598083,0.5939633846282959
5,HH143,0.42658141255378723,0.5773298144340515,0.48625266551971436,0.6794177293777466
6,HH143,0.5955605506896973,0.6641189455986023,0.6226982474327087,0.5891885757446289
7,HH143,0.7746690511703491,0.630653977394104,0.717663049697876,0.6188322305679321
8,HH143,0.36480069160461426,0.4803231954574585,0.4105283319950104,0.6719686388969421
9,HH143,0.8078727722167969,0.6609652638435364,0.7497218251228333,0.6398718357086182
