Run,train_on,test_HH143,test_L96,test_MIX,test_AFLOW
1,HH143,0.25628820061683655,0.7097504734992981,0.435783714056015,0.6316978931427002
2,HH143,0.4480351507663727,0.4957583546638489,0.46692556142807007,0.45181024074554443
3,HH143,0.29259437322616577,0.518000602722168,0.38181766867637634,0.526016354560852
4,HH143,0.4355764389038086,0.507756769657135,0.46414780616760254,0.45083165168762207
5,HH143,0.3681420683860779,0.45353007316589355,0.4019414782524109,0.6370287537574768
6,HH143,0.3912307620048523,0.4660238027572632,0.42083632946014404,0.4236976206302643
7,HH143,0.4599263370037079,0.5449424982070923,0.49357855319976807,0.4447958469390869
8,HH143,0.2834665775299072,0.8530885577201843,0.5089418888092041,0.6468036770820618
9,HH143,0.3992622494697571,0.4131554663181305,0.4047616720199585,0.4277464747428894
