Run,train_on,test_HH143,test_L96,test_MIX,test_AFLOW
1,AFLOW,1.116149663925171,0.43276333808898926,0.8456425666809082,0.45907115936279297
2,AFLOW,2.088724136352539,0.46967482566833496,1.4478505849838257,0.4641336500644684
3,AFLOW,0.7223044037818909,0.38528603315353394,0.5889012217521667,0.4480423927307129
4,AFLOW,1.613857388496399,0.6046220660209656,1.2143683433532715,0.4603917896747589
5,AFLOW,0.8375791907310486,0.5936570167541504,0.7410266995429993,0.5432255268096924
6,AFLOW,1.13186514377594,0.5218425393104553,0.890397846698761,0.4731391668319702
7,AFLOW,1.5821733474731445,0.45781320333480835,1.13711416721344,0.4608165919780731
8,AFLOW,0.6210789084434509,0.5647779703140259,0.5987931489944458,0.7680678963661194
9,AFLOW,1.76654851436615,0.38710349798202515,1.2205182313919067,0.5030077695846558
