Run,train_on,test_HH143,test_L96,test_MIX,test_AFLOW
1,L96,1.1983227729797363,0.3577693700790405,0.8656037449836731,0.5961153507232666
2,L96,1.3192696571350098,0.17467331886291504,0.8662002682685852,0.6345720887184143
3,L96,0.9405120611190796,0.27595701813697815,0.6774590015411377,0.5203665494918823
4,L96,1.187603235244751,0.48701849579811096,0.910288393497467,0.4859906733036041
5,L96,1.241433024406433,0.20253963768482208,0.830204427242279,0.6250421404838562
6,L96,1.071722388267517,0.42260998487472534,0.8147820830345154,0.6988277435302734
7,L96,1.5535496473312378,0.23178251087665558,1.0303500890731812,0.5788114666938782
8,L96,0.6692391633987427,0.19212885200977325,0.4803829491138458,0.6175074577331543
9,L96,1.5201852321624756,0.2862165570259094,1.031739354133606,0.6603557467460632
