Run,train_on,test_HH143,test_L96,test_MIX,test_AFLOW
1,L96,1.270533561706543,0.7666305899620056,1.0710718631744385,0.9520389437675476
2,L96,4.543982982635498,0.267594575881958,2.851245880126953,2.4032177925109863
3,L96,1.7433745861053467,0.5013483762741089,1.2517391443252563,1.8318735361099243
4,L96,0.9499586820602417,0.8977548480033875,0.929294764995575,0.9692943692207336
5,L96,3.5869884490966797,0.26550406217575073,2.2722342014312744,2.823071002960205
6,L96,1.0241535902023315,0.43804100155830383,0.7921506762504578,3.768510580062866
7,L96,1.592861533164978,0.5150967836380005,1.1662464141845703,1.387689471244812
8,L96,0.8311992883682251,0.7645160555839539,0.8048038482666016,1.0168836116790771
9,L96,7.184005260467529,0.43477264046669006,4.512434005737305,4.318724632263184
