Run,train_on,test_HH143,test_L96,test_MIX,test_AFLOW
1,HH143,0.339613139629364,0.45259833335876465,0.3843364417552948,0.46523135900497437
2,HH143,0.3843904137611389,0.6383198499679565,0.48490414023399353,0.5983268618583679
3,HH143,0.36259108781814575,0.417777955532074,0.38443589210510254,0.45252493023872375
4,HH143,0.4548690915107727,0.5221297144889832,0.4814930856227875,0.42660489678382874
5,HH143,0.3053295910358429,0.585912823677063,0.41639381647109985,0.48204275965690613
6,HH143,0.402174711227417,0.5130923390388489,0.4460795819759369,0.4578438401222229
7,HH143,0.4648246169090271,0.5809110403060913,0.5107755064964294,0.4793979525566101
8,HH143,0.3296540379524231,0.5449234247207642,0.41486483812332153,0.5011112689971924
9,HH143,0.39868420362472534,0.3754187226295471,0.3894749581813812,0.4899621903896332
