Run,train_on,test_HH143,test_L96,test_MIX,test_AFLOW
1,L96,1.279660701751709,0.7107570767402649,1.0544695854187012,0.9507840871810913
2,L96,4.479183673858643,0.3047659397125244,2.826809883117676,2.2684743404388428
3,L96,0.8963189721107483,0.7094970345497131,0.8223686218261719,1.1214247941970825
4,L96,0.9934121370315552,0.962541401386261,0.9811925292015076,0.9509691596031189
5,L96,7.973003387451172,0.3053920269012451,4.937907695770264,7.259640693664551
6,L96,3.8604848384857178,0.43728792667388916,2.505469560623169,2.0659866333007812
7,L96,4.517017841339111,0.5042621493339539,2.928635358810425,1.9420865774154663
8,L96,0.8167202472686768,0.28598469495773315,0.6066374778747559,1.7882856130599976
9,L96,3.0670526027679443,0.3668578267097473,1.9982255697250366,2.524939775466919
