Run,train_on,test_HH143,test_L96,test_MIX,test_AFLOW
1,AFLOW,1.0002559423446655,0.46893155574798584,0.7899400591850281,0.46470916271209717
2,AFLOW,1.6836347579956055,0.2955670952796936,1.1341915130615234,0.49928298592567444
3,AFLOW,0.9298733472824097,0.42217445373535156,0.7289093732833862,0.5020431280136108
4,AFLOW,1.199163556098938,0.6994924545288086,1.0013771057128906,0.44434788823127747
5,AFLOW,0.9738771319389343,0.49775439500808716,0.7854119539260864,0.5058355927467346
6,AFLOW,1.531734824180603,0.5453783273696899,1.1413021087646484,0.4953814446926117
7,AFLOW,1.3270095586776733,0.42503607273101807,0.9699783325195312,0.4485776424407959
8,AFLOW,0.5737975835800171,0.22593043744564056,0.43610018491744995,0.5115823149681091
9,AFLOW,2.1969993114471436,0.3777412474155426,1.4768762588500977,0.5215599536895752
