Run,train_on,test_HH143,test_L96,test_MIX,test_AFLOW
1,L96,2.721881151199341,0.5002687573432922,1.842492938041687,3.2130250930786133
2,L96,3.483937978744507,0.29420995712280273,2.22133731842041,3.014495372772217
3,L96,0.9629857540130615,0.44080835580825806,0.7562904953956604,2.2816977500915527
4,L96,1.3030295372009277,0.8377647399902344,1.118862271308899,1.115708351135254
5,L96,3.281179189682007,0.208684504032135,2.064983367919922,2.3868770599365234
6,L96,2.9114603996276855,0.4491727650165558,1.9368047714233398,2.7598047256469727
7,L96,2.6174933910369873,0.5408430099487305,1.7954859733581543,1.8292086124420166
8,L96,1.1961336135864258,0.3239155411720276,0.8508805632591248,3.044752359390259
9,L96,1.740990400314331,0.49993300437927246,1.2497385740280151,2.3726086616516113
