epoch,train loss,val loss,swa
0.0,3.7366934734418344,3.417761831585277,n
1.0,10.970718334618034,10.699984023296325,y
3.0,3.9484503314261237,3.7268923780686416,y
5.0,4.034483533973404,3.73776467513948,y
7.0,4.210913578368499,3.8944198162612187,y
9.0,3.97003536229702,3.7276293824600812,y
