epoch,train loss,val loss,swa
0.0,77.53243831793468,46.612425101430794,n
1.0,123.65062059296503,55.36167484835575,y
3.0,87.90469200081296,36.956618183537536,y
5.0,93.20434068308936,64.34105127736142,y
7.0,75.69039091798994,29.631581394295942,y
9.0,73.50412559509277,43.195438046204416,y
11.0,54.86651994122399,21.176757222727726,y
13.0,62.121057550112404,24.121643355018215,y
